database_name,dataset,task,model,result_label,result_dir,status,status_details,preprocessing_pipeline,balanced_accuracy_CV,balanced_accuracy_MF,balanced_accuracy_test,accuracy_MF,accuracy_test,f1_macro_MF,f1_macro_test,search_mean_score,metric_name,seed,n_splits,best_config_json,best_model_params_json,best_fold_scores_json,trial_values_json,search_results_path,best_config_path,final_predictions_path,fold_predictions_path,mf_source,artifact_best_config_format,artifact_search_results_format,artifact_final_predictions_format
ARABIDOPSIS_CEFE,Group_2185,classification,TabPFN-opt,TabPFN-opt,/home/robinr/Desktop/VSCode/CIRAD_PhD_Robin/Results/tabpfn_classif_final/ARABIDOPSIS_CEFE/Group_2185,ok,,SG_21_3_2,0.2513053627782848,0.24873448791496985,0.39584862774555984,0.19236641221374043,0.3816793893129771,0.17867274805210495,0.35830436611392863,0.2513053627782848,balanced_accuracy,42.0,3.0,"{""phase2"": ""None"", ""scatter"": ""None"", ""shape"": ""SG_21_3_2""}",,"[0.268389755354341, 0.2556522472960829, 0.22987408568443052]",,/home/robinr/Desktop/VSCode/CIRAD_PhD_Robin/Results/tabpfn_classif_final/ARABIDOPSIS_CEFE/Group_2185/Group_2185__search_results.csv,/home/robinr/Desktop/VSCode/CIRAD_PhD_Robin/Results/tabpfn_classif_final/ARABIDOPSIS_CEFE/Group_2185/Group_2185__best_config.json,/home/robinr/Desktop/VSCode/CIRAD_PhD_Robin/Results/tabpfn_classif_final/ARABIDOPSIS_CEFE/Group_2185/Group_2185__final_predictions.csv,,preds/test/<tag>/fold_*.parquet,standard,csv,standard
ARABIDOPSIS_CEFE,InOut_1264,classification,TabPFN-opt,TabPFN-opt,/home/robinr/Desktop/VSCode/CIRAD_PhD_Robin/Results/tabpfn_classif_final/ARABIDOPSIS_CEFE/InOut_1264,ok,,SG_15_3_2,1.0,1.0,1.0,1.0,1.0,1.0,1.0,1.0,balanced_accuracy,42.0,3.0,"{""phase2"": ""None"", ""scatter"": ""None"", ""shape"": ""SG_15_3_2""}",,"[1.0, 1.0, 1.0]",,/home/robinr/Desktop/VSCode/CIRAD_PhD_Robin/Results/tabpfn_classif_final/ARABIDOPSIS_CEFE/InOut_1264/InOut_1264__search_results.csv,/home/robinr/Desktop/VSCode/CIRAD_PhD_Robin/Results/tabpfn_classif_final/ARABIDOPSIS_CEFE/InOut_1264/InOut_1264__best_config.json,/home/robinr/Desktop/VSCode/CIRAD_PhD_Robin/Results/tabpfn_classif_final/ARABIDOPSIS_CEFE/InOut_1264/InOut_1264__final_predictions.csv,,preds/test/<tag>/fold_*.parquet,standard,csv,standard
BEEF_Impurity,Beef_Impurity_60_AlJowder,classification,TabPFN-opt,TabPFN-opt,/home/robinr/Desktop/VSCode/CIRAD_PhD_Robin/Results/tabpfn_classif_final/BEEF_Impurity/Beef_Impurity_60_AlJowder,ok,,SG_21_2_1 + PCA_features_0.25,0.6666666666666666,0.6111111111111112,0.7666666666666667,0.6111111111111112,0.7666666666666667,0.5880407793101291,0.7623376623376623,0.6666666666666666,balanced_accuracy,42.0,3.0,"{""phase2"": ""PCA_features_0.25"", ""scatter"": ""None"", ""shape"": ""SG_21_2_1""}",,"[0.5, 0.8, 0.7]",,/home/robinr/Desktop/VSCode/CIRAD_PhD_Robin/Results/tabpfn_classif_final/BEEF_Impurity/Beef_Impurity_60_AlJowder/Beef_Impurity_60_AlJowder__search_results.csv,/home/robinr/Desktop/VSCode/CIRAD_PhD_Robin/Results/tabpfn_classif_final/BEEF_Impurity/Beef_Impurity_60_AlJowder/Beef_Impurity_60_AlJowder__best_config.json,/home/robinr/Desktop/VSCode/CIRAD_PhD_Robin/Results/tabpfn_classif_final/BEEF_Impurity/Beef_Impurity_60_AlJowder/Beef_Impurity_60_AlJowder__final_predictions.csv,,preds/test/<tag>/fold_*.parquet,standard,csv,standard
Cassava,CT2C_1057_CIAT_Acc,classification,TabPFN-opt,TabPFN-opt,/home/robinr/Desktop/VSCode/CIRAD_PhD_Robin/Results/tabpfn_classif_final/Cassava/CT2C_1057_CIAT_Acc,ok,,SG_21_2_1 + PCA_features_0.25,0.6311809671707617,0.4342592592592592,0.4805555555555555,0.44032921810699593,0.49382716049382713,0.4322548576631262,0.47824037706205813,0.6311809671707617,balanced_accuracy,42.0,3.0,"{""phase2"": ""PCA_features_0.25"", ""scatter"": ""None"", ""shape"": ""SG_21_2_1""}",,"[0.6488793464599916, 0.5966006474957151, 0.6480629075565785]",,/home/robinr/Desktop/VSCode/CIRAD_PhD_Robin/Results/tabpfn_classif_final/Cassava/CT2C_1057_CIAT_Acc/CT2C_1057_CIAT_Acc__search_results.csv,/home/robinr/Desktop/VSCode/CIRAD_PhD_Robin/Results/tabpfn_classif_final/Cassava/CT2C_1057_CIAT_Acc/CT2C_1057_CIAT_Acc__best_config.json,/home/robinr/Desktop/VSCode/CIRAD_PhD_Robin/Results/tabpfn_classif_final/Cassava/CT2C_1057_CIAT_Acc/CT2C_1057_CIAT_Acc__final_predictions.csv,,preds/test/<tag>/fold_*.parquet,standard,csv,standard
COFFEE_orig,CoffeeType_kenstone70_strat,classification,TabPFN-opt,TabPFN-opt,/home/robinr/Desktop/VSCode/CIRAD_PhD_Robin/Results/tabpfn_classif_final/COFFEE_orig/CoffeeType_kenstone70_strat,ok,,SG_11_2_1 + SNV + PCA_features_0.25,0.8214285714285713,0.761904761904762,0.8571428571428571,0.7619047619047619,0.8571428571428571,0.7341269841269842,0.85578231292517,0.8214285714285713,balanced_accuracy,42.0,3.0,"{""phase2"": ""PCA_features_0.25"", ""scatter"": ""SNV"", ""shape"": ""SG_11_2_1""}",,"[0.8214285714285714, 0.7619047619047619, 0.8809523809523808]",,/home/robinr/Desktop/VSCode/CIRAD_PhD_Robin/Results/tabpfn_classif_final/COFFEE_orig/CoffeeType_kenstone70_strat/CoffeeType_kenstone70_strat__search_results.csv,/home/robinr/Desktop/VSCode/CIRAD_PhD_Robin/Results/tabpfn_classif_final/COFFEE_orig/CoffeeType_kenstone70_strat/CoffeeType_kenstone70_strat__best_config.json,/home/robinr/Desktop/VSCode/CIRAD_PhD_Robin/Results/tabpfn_classif_final/COFFEE_orig/CoffeeType_kenstone70_strat/CoffeeType_kenstone70_strat__final_predictions.csv,,preds/test/<tag>/fold_*.parquet,standard,csv,standard
COFFEE_sp,Species_56_Bagnall,classification,TabPFN-opt,TabPFN-opt,/home/robinr/Desktop/VSCode/CIRAD_PhD_Robin/Results/tabpfn_classif_final/COFFEE_sp/Species_56_Bagnall,ok,,ASLSBaseline + OSC,1.0,0.9871794871794872,1.0,0.9880952380952381,1.0,0.9879569892473118,1.0,1.0,balanced_accuracy,42.0,3.0,"{""phase2"": ""OSC"", ""scatter"": ""None"", ""shape"": ""ASLSBaseline""}",,"[1.0, 1.0, 1.0]",,/home/robinr/Desktop/VSCode/CIRAD_PhD_Robin/Results/tabpfn_classif_final/COFFEE_sp/Species_56_Bagnall/Species_56_Bagnall__search_results.csv,/home/robinr/Desktop/VSCode/CIRAD_PhD_Robin/Results/tabpfn_classif_final/COFFEE_sp/Species_56_Bagnall/Species_56_Bagnall__best_config.json,/home/robinr/Desktop/VSCode/CIRAD_PhD_Robin/Results/tabpfn_classif_final/COFFEE_sp/Species_56_Bagnall/Species_56_Bagnall__final_predictions.csv,,preds/test/<tag>/fold_*.parquet,standard,csv,standard
FruitPuree,Strawberry2C_983_Holland_Acc94.3,classification,TabPFN-opt,TabPFN-opt,/home/robinr/Desktop/VSCode/CIRAD_PhD_Robin/Results/tabpfn_classif_final/FruitPuree/Strawberry2C_983_Holland_Acc94.3,ok,,SG_15_2_1,0.9910605597818138,0.9812024680728942,0.9838786052518296,0.9800210304942166,0.9842271293375394,0.9785120424503247,0.9829740152320797,0.9910605597818138,balanced_accuracy,42.0,3.0,"{""phase2"": ""None"", ""scatter"": ""None"", ""shape"": ""SG_15_2_1""}",,"[0.9866099417823555, 0.9865717375630858, 1.0]",,/home/robinr/Desktop/VSCode/CIRAD_PhD_Robin/Results/tabpfn_classif_final/FruitPuree/Strawberry2C_983_Holland_Acc94.3/Strawberry2C_983_Holland_Acc94.3__search_results.csv,/home/robinr/Desktop/VSCode/CIRAD_PhD_Robin/Results/tabpfn_classif_final/FruitPuree/Strawberry2C_983_Holland_Acc94.3/Strawberry2C_983_Holland_Acc94.3__best_config.json,/home/robinr/Desktop/VSCode/CIRAD_PhD_Robin/Results/tabpfn_classif_final/FruitPuree/Strawberry2C_983_Holland_Acc94.3/Strawberry2C_983_Holland_Acc94.3__final_predictions.csv,,preds/test/<tag>/fold_*.parquet,standard,csv,standard
FUSARIUM,FinalScoreBin_grp70_30_classStrat,classification,TabPFN-opt,TabPFN-opt,/home/robinr/Desktop/VSCode/CIRAD_PhD_Robin/Results/tabpfn_classif_final/FUSARIUM/FinalScoreBin_grp70_30_classStrat,ok,,SNV,0.8543977469102716,0.7044871794871795,0.701602564102564,0.7188552188552189,0.7171717171717171,0.7048881565941406,0.7024793388429752,0.8543977469102716,balanced_accuracy,42.0,3.0,"{""phase2"": ""None"", ""scatter"": ""SNV"", ""shape"": ""None""}",,"[0.8626050420168068, 0.8575305291723202, 0.8430576695416878]",,/home/robinr/Desktop/VSCode/CIRAD_PhD_Robin/Results/tabpfn_classif_final/FUSARIUM/FinalScoreBin_grp70_30_classStrat/FinalScoreBin_grp70_30_classStrat__search_results.csv,/home/robinr/Desktop/VSCode/CIRAD_PhD_Robin/Results/tabpfn_classif_final/FUSARIUM/FinalScoreBin_grp70_30_classStrat/FinalScoreBin_grp70_30_classStrat__best_config.json,/home/robinr/Desktop/VSCode/CIRAD_PhD_Robin/Results/tabpfn_classif_final/FUSARIUM/FinalScoreBin_grp70_30_classStrat/FinalScoreBin_grp70_30_classStrat__final_predictions.csv,,preds/test/<tag>/fold_*.parquet,standard,csv,standard
FUSARIUM,ScoreBin_grp70_30_classStrat,classification,TabPFN-opt,TabPFN-opt,/home/robinr/Desktop/VSCode/CIRAD_PhD_Robin/Results/tabpfn_classif_final/FUSARIUM/ScoreBin_grp70_30_classStrat,ok,,SG_15_2_1,0.9128168981438796,0.6965234465234467,0.7320686070686071,0.823529411764706,0.8449197860962567,0.7109836875381971,0.7479198624087761,0.9128168981438796,balanced_accuracy,42.0,3.0,"{""phase2"": ""None"", ""scatter"": ""None"", ""shape"": ""SG_15_2_1""}",,"[0.8980654761904762, 0.9100702576112412, 0.9303149606299213]",,/home/robinr/Desktop/VSCode/CIRAD_PhD_Robin/Results/tabpfn_classif_final/FUSARIUM/ScoreBin_grp70_30_classStrat/ScoreBin_grp70_30_classStrat__search_results.csv,/home/robinr/Desktop/VSCode/CIRAD_PhD_Robin/Results/tabpfn_classif_final/FUSARIUM/ScoreBin_grp70_30_classStrat/ScoreBin_grp70_30_classStrat__best_config.json,/home/robinr/Desktop/VSCode/CIRAD_PhD_Robin/Results/tabpfn_classif_final/FUSARIUM/ScoreBin_grp70_30_classStrat/ScoreBin_grp70_30_classStrat__final_predictions.csv,,preds/test/<tag>/fold_*.parquet,standard,csv,standard
MALARIA,Oocist2C_333_Maia_Acc87.6,classification,TabPFN-opt,TabPFN-opt,/home/robinr/Desktop/VSCode/CIRAD_PhD_Robin/Results/tabpfn_classif_final/MALARIA/Oocist2C_333_Maia_Acc87.6,ok,,SG_21_3_2,1.0,0.5377358490566038,0.5377358490566038,0.5377358490566038,0.5377358490566038,0.5343792021515016,0.5343792021515016,1.0,balanced_accuracy,42.0,3.0,"{""phase2"": ""None"", ""scatter"": ""None"", ""shape"": ""SG_21_3_2""}",,"[1.0, 1.0, 1.0]",,/home/robinr/Desktop/VSCode/CIRAD_PhD_Robin/Results/tabpfn_classif_final/MALARIA/Oocist2C_333_Maia_Acc87.6/Oocist2C_333_Maia_Acc87.6__search_results.csv,/home/robinr/Desktop/VSCode/CIRAD_PhD_Robin/Results/tabpfn_classif_final/MALARIA/Oocist2C_333_Maia_Acc87.6/Oocist2C_333_Maia_Acc87.6__best_config.json,/home/robinr/Desktop/VSCode/CIRAD_PhD_Robin/Results/tabpfn_classif_final/MALARIA/Oocist2C_333_Maia_Acc87.6/Oocist2C_333_Maia_Acc87.6__final_predictions.csv,,preds/test/<tag>/fold_*.parquet,standard,csv,standard
MALARIA,Sporozoite2C_229_Maia_Acc94.5,classification,TabPFN-opt,TabPFN-opt,/home/robinr/Desktop/VSCode/CIRAD_PhD_Robin/Results/tabpfn_classif_final/MALARIA/Sporozoite2C_229_Maia_Acc94.5,ok,,ASLSBaseline,1.0,0.4186429512516469,0.4426877470355731,0.5018315018315018,0.4835164835164835,0.418990433122482,0.4295051353874883,1.0,balanced_accuracy,42.0,3.0,"{""phase2"": ""None"", ""scatter"": ""None"", ""shape"": ""ASLSBaseline""}",,"[1.0, 1.0, 1.0]",,/home/robinr/Desktop/VSCode/CIRAD_PhD_Robin/Results/tabpfn_classif_final/MALARIA/Sporozoite2C_229_Maia_Acc94.5/Sporozoite2C_229_Maia_Acc94.5__search_results.csv,/home/robinr/Desktop/VSCode/CIRAD_PhD_Robin/Results/tabpfn_classif_final/MALARIA/Sporozoite2C_229_Maia_Acc94.5/Sporozoite2C_229_Maia_Acc94.5__best_config.json,/home/robinr/Desktop/VSCode/CIRAD_PhD_Robin/Results/tabpfn_classif_final/MALARIA/Sporozoite2C_229_Maia_Acc94.5/Sporozoite2C_229_Maia_Acc94.5__final_predictions.csv,,preds/test/<tag>/fold_*.parquet,standard,csv,standard
MILK,labels_kenstone70_strat,classification,TabPFN-opt,TabPFN-opt,/home/robinr/Desktop/VSCode/CIRAD_PhD_Robin/Results/tabpfn_classif_final/MILK/labels_kenstone70_strat,ok,,SNV + PCA_features_0.25,1.0,1.0,1.0,1.0,1.0,1.0,1.0,1.0,balanced_accuracy,42.0,3.0,"{""phase2"": ""PCA_features_0.25"", ""scatter"": ""SNV"", ""shape"": ""None""}",,"[1.0, 1.0, 1.0]",,/home/robinr/Desktop/VSCode/CIRAD_PhD_Robin/Results/tabpfn_classif_final/MILK/labels_kenstone70_strat/labels_kenstone70_strat__search_results.csv,/home/robinr/Desktop/VSCode/CIRAD_PhD_Robin/Results/tabpfn_classif_final/MILK/labels_kenstone70_strat/labels_kenstone70_strat__best_config.json,/home/robinr/Desktop/VSCode/CIRAD_PhD_Robin/Results/tabpfn_classif_final/MILK/labels_kenstone70_strat/labels_kenstone70_strat__final_predictions.csv,,preds/test/<tag>/fold_*.parquet,standard,csv,standard
PISTACIA,Species_code_grpStrat70_30_bySpecimen,classification,TabPFN-opt,TabPFN-opt,/home/robinr/Desktop/VSCode/CIRAD_PhD_Robin/Results/tabpfn_classif_final/PISTACIA/Species_code_grpStrat70_30_bySpecimen,ok,,ASLSBaseline + SNV,0.7893026902490806,0.5949459755930344,0.7073945662180956,0.6528528528528529,0.7765765765765765,0.5755201678168028,0.721331026158172,0.7893026902490806,balanced_accuracy,42.0,3.0,"{""phase2"": ""None"", ""scatter"": ""SNV"", ""shape"": ""ASLSBaseline""}",,"[0.7897700855962471, 0.795561799115322, 0.782576186035673]",,/home/robinr/Desktop/VSCode/CIRAD_PhD_Robin/Results/tabpfn_classif_final/PISTACIA/Species_code_grpStrat70_30_bySpecimen/Species_code_grpStrat70_30_bySpecimen__search_results.csv,/home/robinr/Desktop/VSCode/CIRAD_PhD_Robin/Results/tabpfn_classif_final/PISTACIA/Species_code_grpStrat70_30_bySpecimen/Species_code_grpStrat70_30_bySpecimen__best_config.json,/home/robinr/Desktop/VSCode/CIRAD_PhD_Robin/Results/tabpfn_classif_final/PISTACIA/Species_code_grpStrat70_30_bySpecimen/Species_code_grpStrat70_30_bySpecimen__final_predictions.csv,,preds/test/<tag>/fold_*.parquet,standard,csv,standard
Wood_Sustainability,C2_511_Davrieux_Acc82,classification,TabPFN-opt,TabPFN-opt,/home/robinr/Desktop/VSCode/CIRAD_PhD_Robin/Results/tabpfn_classif_final/Wood_Sustainability/C2_511_Davrieux_Acc82,ok,,SG_15_3_2 + SNV,0.8901386748844375,0.857560861423221,0.8881671348314606,0.8649237472766885,0.8954248366013072,0.8599859616857729,0.891527827011698,0.8901386748844375,balanced_accuracy,42.0,3.0,"{""phase2"": ""None"", ""scatter"": ""SNV"", ""shape"": ""SG_15_3_2""}",,"[0.8636363636363636, 0.8992937853107345, 0.9074858757062148]",,/home/robinr/Desktop/VSCode/CIRAD_PhD_Robin/Results/tabpfn_classif_final/Wood_Sustainability/C2_511_Davrieux_Acc82/C2_511_Davrieux_Acc82__search_results.csv,/home/robinr/Desktop/VSCode/CIRAD_PhD_Robin/Results/tabpfn_classif_final/Wood_Sustainability/C2_511_Davrieux_Acc82/C2_511_Davrieux_Acc82__best_config.json,/home/robinr/Desktop/VSCode/CIRAD_PhD_Robin/Results/tabpfn_classif_final/Wood_Sustainability/C2_511_Davrieux_Acc82/C2_511_Davrieux_Acc82__final_predictions.csv,,preds/test/<tag>/fold_*.parquet,standard,csv,standard
Wood_Sustainability,C5_511_Davrieux_Acc82,classification,TabPFN-opt,TabPFN-opt,/home/robinr/Desktop/VSCode/CIRAD_PhD_Robin/Results/tabpfn_classif_final/Wood_Sustainability/C5_511_Davrieux_Acc82,ok,,PCA_features_0.25,0.5293208583168015,0.4911556603773585,0.4949292452830189,0.7037037037037037,0.7058823529411765,0.4500228568344897,0.44891304347826083,0.5293208583168015,balanced_accuracy,42.0,3.0,"{""phase2"": ""PCA_features_0.25"", ""scatter"": ""None"", ""shape"": ""None""}",,"[0.5328817733990148, 0.4809523809523809, 0.5741284205990088]",,/home/robinr/Desktop/VSCode/CIRAD_PhD_Robin/Results/tabpfn_classif_final/Wood_Sustainability/C5_511_Davrieux_Acc82/C5_511_Davrieux_Acc82__search_results.csv,/home/robinr/Desktop/VSCode/CIRAD_PhD_Robin/Results/tabpfn_classif_final/Wood_Sustainability/C5_511_Davrieux_Acc82/C5_511_Davrieux_Acc82__best_config.json,/home/robinr/Desktop/VSCode/CIRAD_PhD_Robin/Results/tabpfn_classif_final/Wood_Sustainability/C5_511_Davrieux_Acc82/C5_511_Davrieux_Acc82__final_predictions.csv,,preds/test/<tag>/fold_*.parquet,standard,csv,standard
ARABIDOPSIS_CEFE,Group_2185,classification,Catboost,Catboost,/home/robinr/Desktop/VSCode/CIRAD_PhD_Robin/Results/catboost_classif_final/ARABIDOPSIS_CEFE/Group_2185,ok,,SG_21_2_1,0.32987685926437066,0.2844378523437428,0.31913938994132324,0.28804071246819335,0.32061068702290074,0.2876536816211831,0.3265354168719661,0.3298768592643706,balanced_accuracy,42.0,3.0,"{""phase2"": ""None"", ""scatter"": ""None"", ""shape"": ""SG_21_2_1""}",,"[0.31748891974812576, 0.34443321330024385, 0.32770844474474237]",,/home/robinr/Desktop/VSCode/CIRAD_PhD_Robin/Results/catboost_classif_final/ARABIDOPSIS_CEFE/Group_2185/Group_2185__search_results.csv,/home/robinr/Desktop/VSCode/CIRAD_PhD_Robin/Results/catboost_classif_final/ARABIDOPSIS_CEFE/Group_2185/Group_2185__best_config.json,/home/robinr/Desktop/VSCode/CIRAD_PhD_Robin/Results/catboost_classif_final/ARABIDOPSIS_CEFE/Group_2185/Group_2185__final_predictions.csv,,preds/test/<tag>/fold_*.parquet,standard,csv,standard
ARABIDOPSIS_CEFE,InOut_1264,classification,Catboost,Catboost,/home/robinr/Desktop/VSCode/CIRAD_PhD_Robin/Results/catboost_classif_final/ARABIDOPSIS_CEFE/InOut_1264,ok,,SG_11_2_1 + SNV,0.990997349245219,0.9811827956989246,0.9838709677419355,0.9753737906772209,0.978891820580475,0.9732187750277971,0.9769884638737097,0.990997349245219,balanced_accuracy,42.0,3.0,"{""phase2"": ""None"", ""scatter"": ""SNV"", ""shape"": ""SG_11_2_1""}",,"[0.9919548380058907, 0.9943820224719101, 0.9866551872578562]",,/home/robinr/Desktop/VSCode/CIRAD_PhD_Robin/Results/catboost_classif_final/ARABIDOPSIS_CEFE/InOut_1264/InOut_1264__search_results.csv,/home/robinr/Desktop/VSCode/CIRAD_PhD_Robin/Results/catboost_classif_final/ARABIDOPSIS_CEFE/InOut_1264/InOut_1264__best_config.json,/home/robinr/Desktop/VSCode/CIRAD_PhD_Robin/Results/catboost_classif_final/ARABIDOPSIS_CEFE/InOut_1264/InOut_1264__final_predictions.csv,,preds/test/<tag>/fold_*.parquet,standard,csv,standard
BEEF_Impurity,Beef_Impurity_60_AlJowder,classification,Catboost,Catboost,/home/robinr/Desktop/VSCode/CIRAD_PhD_Robin/Results/catboost_classif_final/BEEF_Impurity/Beef_Impurity_60_AlJowder,ok,,SG_21_3_2,0.8666666666666667,0.6666666666666666,0.7000000000000001,0.6666666666666666,0.7,0.6772882964988227,0.7018181818181818,0.8666666666666667,balanced_accuracy,42.0,3.0,"{""phase2"": ""None"", ""scatter"": ""None"", ""shape"": ""SG_21_3_2""}",,"[0.8, 0.9, 0.9]",,/home/robinr/Desktop/VSCode/CIRAD_PhD_Robin/Results/catboost_classif_final/BEEF_Impurity/Beef_Impurity_60_AlJowder/Beef_Impurity_60_AlJowder__search_results.csv,/home/robinr/Desktop/VSCode/CIRAD_PhD_Robin/Results/catboost_classif_final/BEEF_Impurity/Beef_Impurity_60_AlJowder/Beef_Impurity_60_AlJowder__best_config.json,/home/robinr/Desktop/VSCode/CIRAD_PhD_Robin/Results/catboost_classif_final/BEEF_Impurity/Beef_Impurity_60_AlJowder/Beef_Impurity_60_AlJowder__final_predictions.csv,,preds/test/<tag>/fold_*.parquet,standard,csv,standard
Cassava,CT2C_1057_CIAT_Acc,classification,Catboost,Catboost,/home/robinr/Desktop/VSCode/CIRAD_PhD_Robin/Results/catboost_classif_final/Cassava/CT2C_1057_CIAT_Acc,ok,,SG_11_2_1,0.6471168245414916,0.47222222222222227,0.4666666666666667,0.48559670781893,0.48148148148148145,0.4681985283880861,0.4630681818181818,0.6471168245414916,balanced_accuracy,42.0,3.0,"{""phase2"": ""None"", ""scatter"": ""None"", ""shape"": ""SG_11_2_1""}",,"[0.6788856304985337, 0.6015758903066083, 0.6608889528193326]",,/home/robinr/Desktop/VSCode/CIRAD_PhD_Robin/Results/catboost_classif_final/Cassava/CT2C_1057_CIAT_Acc/CT2C_1057_CIAT_Acc__search_results.csv,/home/robinr/Desktop/VSCode/CIRAD_PhD_Robin/Results/catboost_classif_final/Cassava/CT2C_1057_CIAT_Acc/CT2C_1057_CIAT_Acc__best_config.json,/home/robinr/Desktop/VSCode/CIRAD_PhD_Robin/Results/catboost_classif_final/Cassava/CT2C_1057_CIAT_Acc/CT2C_1057_CIAT_Acc__final_predictions.csv,,preds/test/<tag>/fold_*.parquet,standard,csv,standard
COFFEE_orig,CoffeeType_kenstone70_strat,classification,Catboost,Catboost,/home/robinr/Desktop/VSCode/CIRAD_PhD_Robin/Results/catboost_classif_final/COFFEE_orig/CoffeeType_kenstone70_strat,ok,,SG_15_2_1 + SNV,0.9166666666666666,0.8095238095238096,0.8095238095238095,0.8095238095238094,0.8095238095238095,0.7868480725623582,0.7999999999999999,0.9166666666666666,balanced_accuracy,42.0,3.0,"{""phase2"": ""None"", ""scatter"": ""SNV"", ""shape"": ""SG_15_2_1""}",,"[0.9166666666666666, 0.9047619047619048, 0.9285714285714286]",,/home/robinr/Desktop/VSCode/CIRAD_PhD_Robin/Results/catboost_classif_final/COFFEE_orig/CoffeeType_kenstone70_strat/CoffeeType_kenstone70_strat__search_results.csv,/home/robinr/Desktop/VSCode/CIRAD_PhD_Robin/Results/catboost_classif_final/COFFEE_orig/CoffeeType_kenstone70_strat/CoffeeType_kenstone70_strat__best_config.json,/home/robinr/Desktop/VSCode/CIRAD_PhD_Robin/Results/catboost_classif_final/COFFEE_orig/CoffeeType_kenstone70_strat/CoffeeType_kenstone70_strat__final_predictions.csv,,preds/test/<tag>/fold_*.parquet,standard,csv,standard
COFFEE_sp,Species_56_Bagnall,classification,Catboost,Catboost,/home/robinr/Desktop/VSCode/CIRAD_PhD_Robin/Results/catboost_classif_final/COFFEE_sp/Species_56_Bagnall,ok,,SG_11_2_1 + SNV,1.0,0.9743589743589745,0.9615384615384616,0.9761904761904763,0.9642857142857143,0.9759139784946237,0.9638709677419355,1.0,balanced_accuracy,42.0,3.0,"{""phase2"": ""None"", ""scatter"": ""SNV"", ""shape"": ""SG_11_2_1""}",,"[1.0, 1.0, 1.0]",,/home/robinr/Desktop/VSCode/CIRAD_PhD_Robin/Results/catboost_classif_final/COFFEE_sp/Species_56_Bagnall/Species_56_Bagnall__search_results.csv,/home/robinr/Desktop/VSCode/CIRAD_PhD_Robin/Results/catboost_classif_final/COFFEE_sp/Species_56_Bagnall/Species_56_Bagnall__best_config.json,/home/robinr/Desktop/VSCode/CIRAD_PhD_Robin/Results/catboost_classif_final/COFFEE_sp/Species_56_Bagnall/Species_56_Bagnall__final_predictions.csv,,preds/test/<tag>/fold_*.parquet,standard,csv,standard
FruitPuree,Strawberry2C_983_Holland_Acc94.3,classification,Catboost,Catboost,/home/robinr/Desktop/VSCode/CIRAD_PhD_Robin/Results/catboost_classif_final/FruitPuree/Strawberry2C_983_Holland_Acc94.3,ok,,SG_11_2_1,0.9756784934801891,0.9781030276940738,0.9832759362892811,0.9768664563617245,0.9810725552050473,0.975135568449601,0.9796794871794872,0.9756784934801892,balanced_accuracy,42.0,3.0,"{""phase2"": ""None"", ""scatter"": ""None"", ""shape"": ""SG_11_2_1""}",,"[0.9797133900582176, 0.9665645277577506, 0.9807575626245991]",,/home/robinr/Desktop/VSCode/CIRAD_PhD_Robin/Results/catboost_classif_final/FruitPuree/Strawberry2C_983_Holland_Acc94.3/Strawberry2C_983_Holland_Acc94.3__search_results.csv,/home/robinr/Desktop/VSCode/CIRAD_PhD_Robin/Results/catboost_classif_final/FruitPuree/Strawberry2C_983_Holland_Acc94.3/Strawberry2C_983_Holland_Acc94.3__best_config.json,/home/robinr/Desktop/VSCode/CIRAD_PhD_Robin/Results/catboost_classif_final/FruitPuree/Strawberry2C_983_Holland_Acc94.3/Strawberry2C_983_Holland_Acc94.3__final_predictions.csv,,preds/test/<tag>/fold_*.parquet,standard,csv,standard
FUSARIUM,FinalScoreBin_grp70_30_classStrat,classification,Catboost,Catboost,/home/robinr/Desktop/VSCode/CIRAD_PhD_Robin/Results/catboost_classif_final/FUSARIUM/FinalScoreBin_grp70_30_classStrat,ok,,SNV + OSC,0.817056043670871,0.693482905982906,0.7169871794871795,0.7037037037037037,0.7222222222222222,0.6919371517840397,0.7132625924853209,0.817056043670871,balanced_accuracy,42.0,3.0,"{""phase2"": ""OSC"", ""scatter"": ""SNV"", ""shape"": ""None""}",,"[0.8436974789915966, 0.8219979647218454, 0.7854726872991713]",,/home/robinr/Desktop/VSCode/CIRAD_PhD_Robin/Results/catboost_classif_final/FUSARIUM/FinalScoreBin_grp70_30_classStrat/FinalScoreBin_grp70_30_classStrat__search_results.csv,/home/robinr/Desktop/VSCode/CIRAD_PhD_Robin/Results/catboost_classif_final/FUSARIUM/FinalScoreBin_grp70_30_classStrat/FinalScoreBin_grp70_30_classStrat__best_config.json,/home/robinr/Desktop/VSCode/CIRAD_PhD_Robin/Results/catboost_classif_final/FUSARIUM/FinalScoreBin_grp70_30_classStrat/FinalScoreBin_grp70_30_classStrat__final_predictions.csv,,preds/test/<tag>/fold_*.parquet,standard,csv,standard
FUSARIUM,ScoreBin_grp70_30_classStrat,classification,Catboost,Catboost,/home/robinr/Desktop/VSCode/CIRAD_PhD_Robin/Results/catboost_classif_final/FUSARIUM/ScoreBin_grp70_30_classStrat,ok,,SG_15_2_1 + OSC,0.8730949401475089,0.6414298914298914,0.649081774081774,0.8110516934046346,0.8181818181818182,0.659931587638594,0.6713192721257237,0.8730949401475089,balanced_accuracy,42.0,3.0,"{""phase2"": ""OSC"", ""scatter"": ""None"", ""shape"": ""SG_15_2_1""}",,"[0.8358134920634921, 0.8325526932084308, 0.9509186351706036]",,/home/robinr/Desktop/VSCode/CIRAD_PhD_Robin/Results/catboost_classif_final/FUSARIUM/ScoreBin_grp70_30_classStrat/ScoreBin_grp70_30_classStrat__search_results.csv,/home/robinr/Desktop/VSCode/CIRAD_PhD_Robin/Results/catboost_classif_final/FUSARIUM/ScoreBin_grp70_30_classStrat/ScoreBin_grp70_30_classStrat__best_config.json,/home/robinr/Desktop/VSCode/CIRAD_PhD_Robin/Results/catboost_classif_final/FUSARIUM/ScoreBin_grp70_30_classStrat/ScoreBin_grp70_30_classStrat__final_predictions.csv,,preds/test/<tag>/fold_*.parquet,standard,csv,standard
MALARIA,Oocist2C_333_Maia_Acc87.6,classification,Catboost,Catboost,/home/robinr/Desktop/VSCode/CIRAD_PhD_Robin/Results/catboost_classif_final/MALARIA/Oocist2C_333_Maia_Acc87.6,ok,,SG_21_3_2,0.9775960170697013,0.531446540880503,0.5377358490566038,0.531446540880503,0.5377358490566038,0.5289215433356181,0.5343792021515016,0.9775960170697012,balanced_accuracy,42.0,3.0,"{""phase2"": ""None"", ""scatter"": ""None"", ""shape"": ""SG_21_3_2""}",,"[0.9864864864864865, 1.0, 0.9463015647226174]",,/home/robinr/Desktop/VSCode/CIRAD_PhD_Robin/Results/catboost_classif_final/MALARIA/Oocist2C_333_Maia_Acc87.6/Oocist2C_333_Maia_Acc87.6__search_results.csv,/home/robinr/Desktop/VSCode/CIRAD_PhD_Robin/Results/catboost_classif_final/MALARIA/Oocist2C_333_Maia_Acc87.6/Oocist2C_333_Maia_Acc87.6__best_config.json,/home/robinr/Desktop/VSCode/CIRAD_PhD_Robin/Results/catboost_classif_final/MALARIA/Oocist2C_333_Maia_Acc87.6/Oocist2C_333_Maia_Acc87.6__final_predictions.csv,,preds/test/<tag>/fold_*.parquet,standard,csv,standard
MALARIA,Sporozoite2C_229_Maia_Acc94.5,classification,Catboost,Catboost,/home/robinr/Desktop/VSCode/CIRAD_PhD_Robin/Results/catboost_classif_final/MALARIA/Sporozoite2C_229_Maia_Acc94.5,ok,,SG_15_3_2 + OSC,1.0,0.3932806324110672,0.40052700922266143,0.5494505494505495,0.5604395604395604,0.3948009711114795,0.40052700922266143,1.0,balanced_accuracy,42.0,3.0,"{""phase2"": ""OSC"", ""scatter"": ""None"", ""shape"": ""SG_15_3_2""}",,"[1.0, 1.0, 1.0]",,/home/robinr/Desktop/VSCode/CIRAD_PhD_Robin/Results/catboost_classif_final/MALARIA/Sporozoite2C_229_Maia_Acc94.5/Sporozoite2C_229_Maia_Acc94.5__search_results.csv,/home/robinr/Desktop/VSCode/CIRAD_PhD_Robin/Results/catboost_classif_final/MALARIA/Sporozoite2C_229_Maia_Acc94.5/Sporozoite2C_229_Maia_Acc94.5__best_config.json,/home/robinr/Desktop/VSCode/CIRAD_PhD_Robin/Results/catboost_classif_final/MALARIA/Sporozoite2C_229_Maia_Acc94.5/Sporozoite2C_229_Maia_Acc94.5__final_predictions.csv,,preds/test/<tag>/fold_*.parquet,standard,csv,standard
MILK,labels_kenstone70_strat,classification,Catboost,Catboost,/home/robinr/Desktop/VSCode/CIRAD_PhD_Robin/Results/catboost_classif_final/MILK/labels_kenstone70_strat,ok,,SNV + PCA_features_0.25,0.9820173653506986,0.9925925925925926,1.0,0.9925925925925926,1.0,0.9925843529847981,1.0,0.9820173653506986,balanced_accuracy,42.0,3.0,"{""phase2"": ""PCA_features_0.25"", ""scatter"": ""SNV"", ""shape"": ""None""}",,"[0.9796296296296296, 0.9664224664224663, 1.0]",,/home/robinr/Desktop/VSCode/CIRAD_PhD_Robin/Results/catboost_classif_final/MILK/labels_kenstone70_strat/labels_kenstone70_strat__search_results.csv,/home/robinr/Desktop/VSCode/CIRAD_PhD_Robin/Results/catboost_classif_final/MILK/labels_kenstone70_strat/labels_kenstone70_strat__best_config.json,/home/robinr/Desktop/VSCode/CIRAD_PhD_Robin/Results/catboost_classif_final/MILK/labels_kenstone70_strat/labels_kenstone70_strat__final_predictions.csv,,preds/test/<tag>/fold_*.parquet,standard,csv,standard
PISTACIA,Species_code_grpStrat70_30_bySpecimen,classification,Catboost,Catboost,/home/robinr/Desktop/VSCode/CIRAD_PhD_Robin/Results/catboost_classif_final/PISTACIA/Species_code_grpStrat70_30_bySpecimen,ok,,SG_21_3_2,0.9941628565232166,0.7320180995475113,0.7374031066972244,0.8235735735735736,0.8256756756756757,0.7419931916308459,0.7473155109275871,0.9941628565232166,balanced_accuracy,42.0,3.0,"{""phase2"": ""None"", ""scatter"": ""None"", ""shape"": ""SG_21_3_2""}",,"[0.9944509518033122, 0.9947617995031788, 0.9932758182631588]",,/home/robinr/Desktop/VSCode/CIRAD_PhD_Robin/Results/catboost_classif_final/PISTACIA/Species_code_grpStrat70_30_bySpecimen/Species_code_grpStrat70_30_bySpecimen__search_results.csv,/home/robinr/Desktop/VSCode/CIRAD_PhD_Robin/Results/catboost_classif_final/PISTACIA/Species_code_grpStrat70_30_bySpecimen/Species_code_grpStrat70_30_bySpecimen__best_config.json,/home/robinr/Desktop/VSCode/CIRAD_PhD_Robin/Results/catboost_classif_final/PISTACIA/Species_code_grpStrat70_30_bySpecimen/Species_code_grpStrat70_30_bySpecimen__final_predictions.csv,,preds/test/<tag>/fold_*.parquet,standard,csv,standard
Wood_Sustainability,C2_511_Davrieux_Acc82,classification,Catboost,Catboost,/home/robinr/Desktop/VSCode/CIRAD_PhD_Robin/Results/catboost_classif_final/Wood_Sustainability/C2_511_Davrieux_Acc82,ok,,SG_21_3_2 + SNV,0.8828896307709867,0.8527621722846441,0.8613061797752809,0.8627450980392157,0.869281045751634,0.8568945286212838,0.8644097837646225,0.8828896307709867,balanced_accuracy,42.0,3.0,"{""phase2"": ""None"", ""scatter"": ""SNV"", ""shape"": ""SG_21_3_2""}",,"[0.8838383838383839, 0.8572033898305085, 0.9076271186440679]",,/home/robinr/Desktop/VSCode/CIRAD_PhD_Robin/Results/catboost_classif_final/Wood_Sustainability/C2_511_Davrieux_Acc82/C2_511_Davrieux_Acc82__search_results.csv,/home/robinr/Desktop/VSCode/CIRAD_PhD_Robin/Results/catboost_classif_final/Wood_Sustainability/C2_511_Davrieux_Acc82/C2_511_Davrieux_Acc82__best_config.json,/home/robinr/Desktop/VSCode/CIRAD_PhD_Robin/Results/catboost_classif_final/Wood_Sustainability/C2_511_Davrieux_Acc82/C2_511_Davrieux_Acc82__final_predictions.csv,,preds/test/<tag>/fold_*.parquet,standard,csv,standard
Wood_Sustainability,C5_511_Davrieux_Acc82,classification,Catboost,Catboost,/home/robinr/Desktop/VSCode/CIRAD_PhD_Robin/Results/catboost_classif_final/Wood_Sustainability/C5_511_Davrieux_Acc82,ok,,SG_21_2_1,0.5358036235419602,0.5032069912966141,0.4997069754145226,0.6862745098039215,0.6928104575163399,0.47349668480519874,0.4747534157975585,0.5358036235419602,balanced_accuracy,42.0,3.0,"{""phase2"": ""None"", ""scatter"": ""None"", ""shape"": ""SG_21_2_1""}",,"[0.5305172413793103, 0.5507936507936508, 0.5260999784529197]",,/home/robinr/Desktop/VSCode/CIRAD_PhD_Robin/Results/catboost_classif_final/Wood_Sustainability/C5_511_Davrieux_Acc82/C5_511_Davrieux_Acc82__search_results.csv,/home/robinr/Desktop/VSCode/CIRAD_PhD_Robin/Results/catboost_classif_final/Wood_Sustainability/C5_511_Davrieux_Acc82/C5_511_Davrieux_Acc82__best_config.json,/home/robinr/Desktop/VSCode/CIRAD_PhD_Robin/Results/catboost_classif_final/Wood_Sustainability/C5_511_Davrieux_Acc82/C5_511_Davrieux_Acc82__final_predictions.csv,,preds/test/<tag>/fold_*.parquet,standard,csv,standard
ARABIDOPSIS_CEFE,Group_2185,classification,PLS-DA,PLS-DA,/home/robinr/Desktop/VSCode/CIRAD_PhD_Robin/Results/plsda_classif_final/ARABIDOPSIS_CEFE/Group_2185,partial,missing_fold_test_predictions,SG_21_2_1 + SNV + StandardScaler,0.303468889609335,,0.26405839671016734,,0.28396946564885495,,0.24481142635392947,0.303468889609335,balanced_accuracy,42.0,3.0,"{""final_repr"": ""None"", ""scaler"": ""StandardScaler"", ""scatter"": ""SNV"", ""shape"": ""SG_21_2_1""}","{""n_components"": 30}","[0.28862706592942083, 0.30423849427943567, 0.3175411086191485]",,/home/robinr/Desktop/VSCode/CIRAD_PhD_Robin/Results/plsda_classif_final/ARABIDOPSIS_CEFE/Group_2185/Group_2185__search_results.parquet,/home/robinr/Desktop/VSCode/CIRAD_PhD_Robin/Results/plsda_classif_final/ARABIDOPSIS_CEFE/Group_2185/Group_2185__best_config.json,/home/robinr/Desktop/VSCode/CIRAD_PhD_Robin/Results/plsda_classif_final/ARABIDOPSIS_CEFE/Group_2185/Group_2185__final_predictions.csv,/home/robinr/Desktop/VSCode/CIRAD_PhD_Robin/Results/plsda_classif_final/ARABIDOPSIS_CEFE/Group_2185/preds/predictions.parquet,,standard,parquet,standard
ARABIDOPSIS_CEFE,InOut_1264,classification,PLS-DA,PLS-DA,/home/robinr/Desktop/VSCode/CIRAD_PhD_Robin/Results/plsda_classif_final/ARABIDOPSIS_CEFE/InOut_1264,partial,missing_fold_test_predictions,SG_11_2_1,1.0,,1.0,,1.0,,1.0,1.0,balanced_accuracy,42.0,3.0,"{""final_repr"": ""None"", ""scaler"": ""None"", ""scatter"": ""None"", ""shape"": ""SG_11_2_1""}","{""n_components"": 27}","[1.0, 1.0, 1.0]",,/home/robinr/Desktop/VSCode/CIRAD_PhD_Robin/Results/plsda_classif_final/ARABIDOPSIS_CEFE/InOut_1264/InOut_1264__search_results.parquet,/home/robinr/Desktop/VSCode/CIRAD_PhD_Robin/Results/plsda_classif_final/ARABIDOPSIS_CEFE/InOut_1264/InOut_1264__best_config.json,/home/robinr/Desktop/VSCode/CIRAD_PhD_Robin/Results/plsda_classif_final/ARABIDOPSIS_CEFE/InOut_1264/InOut_1264__final_predictions.csv,/home/robinr/Desktop/VSCode/CIRAD_PhD_Robin/Results/plsda_classif_final/ARABIDOPSIS_CEFE/InOut_1264/preds/predictions.parquet,,standard,parquet,standard
BEEF_Impurity,Beef_Impurity_60_AlJowder,classification,PLS-DA,PLS-DA,/home/robinr/Desktop/VSCode/CIRAD_PhD_Robin/Results/plsda_classif_final/BEEF_Impurity/Beef_Impurity_60_AlJowder,partial,missing_fold_test_predictions,SG_15_2_1 + Haar + MinMaxScaler,0.9333333333333332,,0.9,,0.9,,0.8978621378621379,0.9333333333333332,balanced_accuracy,42.0,3.0,"{""final_repr"": ""Haar"", ""scaler"": ""MinMaxScaler"", ""scatter"": ""None"", ""shape"": ""SG_15_2_1""}","{""n_components"": 12}","[1.0, 0.8, 1.0]",,/home/robinr/Desktop/VSCode/CIRAD_PhD_Robin/Results/plsda_classif_final/BEEF_Impurity/Beef_Impurity_60_AlJowder/Beef_Impurity_60_AlJowder__search_results.parquet,/home/robinr/Desktop/VSCode/CIRAD_PhD_Robin/Results/plsda_classif_final/BEEF_Impurity/Beef_Impurity_60_AlJowder/Beef_Impurity_60_AlJowder__best_config.json,/home/robinr/Desktop/VSCode/CIRAD_PhD_Robin/Results/plsda_classif_final/BEEF_Impurity/Beef_Impurity_60_AlJowder/Beef_Impurity_60_AlJowder__final_predictions.csv,/home/robinr/Desktop/VSCode/CIRAD_PhD_Robin/Results/plsda_classif_final/BEEF_Impurity/Beef_Impurity_60_AlJowder/preds/predictions.parquet,,standard,parquet,standard
Cassava,CT2C_1057_CIAT_Acc,classification,PLS-DA,PLS-DA,/home/robinr/Desktop/VSCode/CIRAD_PhD_Robin/Results/plsda_classif_final/Cassava/CT2C_1057_CIAT_Acc,partial,missing_fold_test_predictions,SG_21_2_1 + Haar + StandardScaler,0.6814465456446598,,0.4472222222222222,,0.4567901234567901,,0.446583850931677,0.6814465456446598,balanced_accuracy,42.0,3.0,"{""final_repr"": ""Haar"", ""scaler"": ""StandardScaler"", ""scatter"": ""None"", ""shape"": ""SG_21_2_1""}","{""n_components"": 30}","[0.6676790950984499, 0.6849171586364502, 0.6917433831990794]",,/home/robinr/Desktop/VSCode/CIRAD_PhD_Robin/Results/plsda_classif_final/Cassava/CT2C_1057_CIAT_Acc/CT2C_1057_CIAT_Acc__search_results.parquet,/home/robinr/Desktop/VSCode/CIRAD_PhD_Robin/Results/plsda_classif_final/Cassava/CT2C_1057_CIAT_Acc/CT2C_1057_CIAT_Acc__best_config.json,/home/robinr/Desktop/VSCode/CIRAD_PhD_Robin/Results/plsda_classif_final/Cassava/CT2C_1057_CIAT_Acc/CT2C_1057_CIAT_Acc__final_predictions.csv,/home/robinr/Desktop/VSCode/CIRAD_PhD_Robin/Results/plsda_classif_final/Cassava/CT2C_1057_CIAT_Acc/preds/predictions.parquet,,standard,parquet,standard
COFFEE_orig,CoffeeType_kenstone70_strat,classification,PLS-DA,PLS-DA,/home/robinr/Desktop/VSCode/CIRAD_PhD_Robin/Results/plsda_classif_final/COFFEE_orig/CoffeeType_kenstone70_strat,partial,missing_fold_test_predictions,SG_21_2_1 + AreaNormalization + MinMaxScaler,0.9603174603174603,,1.0,,1.0,,1.0,0.9603174603174603,balanced_accuracy,42.0,3.0,"{""final_repr"": ""AreaNormalization"", ""scaler"": ""MinMaxScaler"", ""scatter"": ""None"", ""shape"": ""SG_21_2_1""}","{""n_components"": 14}","[1.0, 0.880952380952381, 1.0]",,/home/robinr/Desktop/VSCode/CIRAD_PhD_Robin/Results/plsda_classif_final/COFFEE_orig/CoffeeType_kenstone70_strat/CoffeeType_kenstone70_strat__search_results.parquet,/home/robinr/Desktop/VSCode/CIRAD_PhD_Robin/Results/plsda_classif_final/COFFEE_orig/CoffeeType_kenstone70_strat/CoffeeType_kenstone70_strat__best_config.json,/home/robinr/Desktop/VSCode/CIRAD_PhD_Robin/Results/plsda_classif_final/COFFEE_orig/CoffeeType_kenstone70_strat/CoffeeType_kenstone70_strat__final_predictions.csv,/home/robinr/Desktop/VSCode/CIRAD_PhD_Robin/Results/plsda_classif_final/COFFEE_orig/CoffeeType_kenstone70_strat/preds/predictions.parquet,,standard,parquet,standard
COFFEE_sp,Species_56_Bagnall,classification,PLS-DA,PLS-DA,/home/robinr/Desktop/VSCode/CIRAD_PhD_Robin/Results/plsda_classif_final/COFFEE_sp/Species_56_Bagnall,partial,missing_fold_test_predictions,SG_15_2_1 + SNV,1.0,,1.0,,1.0,,1.0,1.0,balanced_accuracy,42.0,3.0,"{""final_repr"": ""None"", ""scaler"": ""None"", ""scatter"": ""SNV"", ""shape"": ""SG_15_2_1""}","{""n_components"": 2}","[1.0, 1.0, 1.0]",,/home/robinr/Desktop/VSCode/CIRAD_PhD_Robin/Results/plsda_classif_final/COFFEE_sp/Species_56_Bagnall/Species_56_Bagnall__search_results.parquet,/home/robinr/Desktop/VSCode/CIRAD_PhD_Robin/Results/plsda_classif_final/COFFEE_sp/Species_56_Bagnall/Species_56_Bagnall__best_config.json,/home/robinr/Desktop/VSCode/CIRAD_PhD_Robin/Results/plsda_classif_final/COFFEE_sp/Species_56_Bagnall/Species_56_Bagnall__final_predictions.csv,/home/robinr/Desktop/VSCode/CIRAD_PhD_Robin/Results/plsda_classif_final/COFFEE_sp/Species_56_Bagnall/preds/predictions.parquet,,standard,parquet,standard
FruitPuree,Strawberry2C_983_Holland_Acc94.3,classification,PLS-DA,PLS-DA,/home/robinr/Desktop/VSCode/CIRAD_PhD_Robin/Results/plsda_classif_final/FruitPuree/Strawberry2C_983_Holland_Acc94.3,partial,missing_fold_test_predictions,SG_15_3_2 + SNV + Haar,0.9753832718348665,,0.9808006887645286,,0.9779179810725552,,0.976334453154162,0.9753832718348665,balanced_accuracy,42.0,3.0,"{""final_repr"": ""Haar"", ""scaler"": ""None"", ""scatter"": ""SNV"", ""shape"": ""SG_15_3_2""}","{""n_components"": 26}","[0.9797133900582176, 0.9728731074260994, 0.9735633180202825]",,/home/robinr/Desktop/VSCode/CIRAD_PhD_Robin/Results/plsda_classif_final/FruitPuree/Strawberry2C_983_Holland_Acc94.3/Strawberry2C_983_Holland_Acc94.3__search_results.parquet,/home/robinr/Desktop/VSCode/CIRAD_PhD_Robin/Results/plsda_classif_final/FruitPuree/Strawberry2C_983_Holland_Acc94.3/Strawberry2C_983_Holland_Acc94.3__best_config.json,/home/robinr/Desktop/VSCode/CIRAD_PhD_Robin/Results/plsda_classif_final/FruitPuree/Strawberry2C_983_Holland_Acc94.3/Strawberry2C_983_Holland_Acc94.3__final_predictions.csv,/home/robinr/Desktop/VSCode/CIRAD_PhD_Robin/Results/plsda_classif_final/FruitPuree/Strawberry2C_983_Holland_Acc94.3/preds/predictions.parquet,,standard,parquet,standard
FUSARIUM,FinalScoreBin_grp70_30_classStrat,classification,PLS-DA,PLS-DA,/home/robinr/Desktop/VSCode/CIRAD_PhD_Robin/Results/plsda_classif_final/FUSARIUM/FinalScoreBin_grp70_30_classStrat,partial,missing_fold_test_predictions,SG_21_2_1,0.8492684478954778,,0.7150641025641026,,0.7171717171717171,,0.7095861707700366,0.8492684478954778,balanced_accuracy,42.0,3.0,"{""final_repr"": ""None"", ""scaler"": ""None"", ""scatter"": ""None"", ""shape"": ""SG_21_2_1""}","{""n_components"": 23}","[0.8403361344537814, 0.8685549525101763, 0.8389142567224759]",,/home/robinr/Desktop/VSCode/CIRAD_PhD_Robin/Results/plsda_classif_final/FUSARIUM/FinalScoreBin_grp70_30_classStrat/FinalScoreBin_grp70_30_classStrat__search_results.parquet,/home/robinr/Desktop/VSCode/CIRAD_PhD_Robin/Results/plsda_classif_final/FUSARIUM/FinalScoreBin_grp70_30_classStrat/FinalScoreBin_grp70_30_classStrat__best_config.json,/home/robinr/Desktop/VSCode/CIRAD_PhD_Robin/Results/plsda_classif_final/FUSARIUM/FinalScoreBin_grp70_30_classStrat/FinalScoreBin_grp70_30_classStrat__final_predictions.csv,/home/robinr/Desktop/VSCode/CIRAD_PhD_Robin/Results/plsda_classif_final/FUSARIUM/FinalScoreBin_grp70_30_classStrat/preds/predictions.parquet,,standard,parquet,standard
FUSARIUM,ScoreBin_grp70_30_classStrat,classification,PLS-DA,PLS-DA,/home/robinr/Desktop/VSCode/CIRAD_PhD_Robin/Results/plsda_classif_final/FUSARIUM/ScoreBin_grp70_30_classStrat,partial,missing_fold_test_predictions,SG_21_2_1 + SNV,0.9055124171637017,,0.757016632016632,,0.839572192513369,,0.757016632016632,0.9055124171637017,balanced_accuracy,42.0,3.0,"{""final_repr"": ""None"", ""scaler"": ""None"", ""scatter"": ""SNV"", ""shape"": ""SG_21_2_1""}","{""n_components"": 27}","[0.9176587301587302, 0.8734192037470726, 0.9254593175853019]",,/home/robinr/Desktop/VSCode/CIRAD_PhD_Robin/Results/plsda_classif_final/FUSARIUM/ScoreBin_grp70_30_classStrat/ScoreBin_grp70_30_classStrat__search_results.parquet,/home/robinr/Desktop/VSCode/CIRAD_PhD_Robin/Results/plsda_classif_final/FUSARIUM/ScoreBin_grp70_30_classStrat/ScoreBin_grp70_30_classStrat__best_config.json,/home/robinr/Desktop/VSCode/CIRAD_PhD_Robin/Results/plsda_classif_final/FUSARIUM/ScoreBin_grp70_30_classStrat/ScoreBin_grp70_30_classStrat__final_predictions.csv,/home/robinr/Desktop/VSCode/CIRAD_PhD_Robin/Results/plsda_classif_final/FUSARIUM/ScoreBin_grp70_30_classStrat/preds/predictions.parquet,,standard,parquet,standard
MALARIA,Oocist2C_333_Maia_Acc87.6,classification,PLS-DA,PLS-DA,/home/robinr/Desktop/VSCode/CIRAD_PhD_Robin/Results/plsda_classif_final/MALARIA/Oocist2C_333_Maia_Acc87.6,partial,missing_fold_test_predictions,SG_21_3_2 + StandardScaler,1.0,,0.5377358490566038,,0.5377358490566038,,0.5343792021515016,1.0,balanced_accuracy,42.0,3.0,"{""final_repr"": ""None"", ""scaler"": ""StandardScaler"", ""scatter"": ""None"", ""shape"": ""SG_21_3_2""}","{""n_components"": 7}","[1.0, 1.0, 1.0]",,/home/robinr/Desktop/VSCode/CIRAD_PhD_Robin/Results/plsda_classif_final/MALARIA/Oocist2C_333_Maia_Acc87.6/Oocist2C_333_Maia_Acc87.6__search_results.parquet,/home/robinr/Desktop/VSCode/CIRAD_PhD_Robin/Results/plsda_classif_final/MALARIA/Oocist2C_333_Maia_Acc87.6/Oocist2C_333_Maia_Acc87.6__best_config.json,/home/robinr/Desktop/VSCode/CIRAD_PhD_Robin/Results/plsda_classif_final/MALARIA/Oocist2C_333_Maia_Acc87.6/Oocist2C_333_Maia_Acc87.6__final_predictions.csv,/home/robinr/Desktop/VSCode/CIRAD_PhD_Robin/Results/plsda_classif_final/MALARIA/Oocist2C_333_Maia_Acc87.6/preds/predictions.parquet,,standard,parquet,standard
MALARIA,Sporozoite2C_229_Maia_Acc94.5,classification,PLS-DA,PLS-DA,/home/robinr/Desktop/VSCode/CIRAD_PhD_Robin/Results/plsda_classif_final/MALARIA/Sporozoite2C_229_Maia_Acc94.5,partial,missing_fold_test_predictions,SG_21_2_1 + Haar + MinMaxScaler,1.0,,0.44993412384716736,,0.4945054945054945,,0.4373655913978495,1.0,balanced_accuracy,42.0,3.0,"{""final_repr"": ""Haar"", ""scaler"": ""MinMaxScaler"", ""scatter"": ""None"", ""shape"": ""SG_21_2_1""}","{""n_components"": 18}","[1.0, 1.0, 1.0]",,/home/robinr/Desktop/VSCode/CIRAD_PhD_Robin/Results/plsda_classif_final/MALARIA/Sporozoite2C_229_Maia_Acc94.5/Sporozoite2C_229_Maia_Acc94.5__search_results.parquet,/home/robinr/Desktop/VSCode/CIRAD_PhD_Robin/Results/plsda_classif_final/MALARIA/Sporozoite2C_229_Maia_Acc94.5/Sporozoite2C_229_Maia_Acc94.5__best_config.json,/home/robinr/Desktop/VSCode/CIRAD_PhD_Robin/Results/plsda_classif_final/MALARIA/Sporozoite2C_229_Maia_Acc94.5/Sporozoite2C_229_Maia_Acc94.5__final_predictions.csv,/home/robinr/Desktop/VSCode/CIRAD_PhD_Robin/Results/plsda_classif_final/MALARIA/Sporozoite2C_229_Maia_Acc94.5/preds/predictions.parquet,,standard,parquet,standard
MILK,labels_kenstone70_strat,classification,PLS-DA,PLS-DA,/home/robinr/Desktop/VSCode/CIRAD_PhD_Robin/Results/plsda_classif_final/MILK/labels_kenstone70_strat,partial,missing_fold_test_predictions,MinMaxScaler,0.8094070538514982,,0.7999999999999999,,0.8,,0.7960139183465755,0.8094070538514982,balanced_accuracy,42.0,3.0,"{""final_repr"": ""None"", ""scaler"": ""MinMaxScaler"", ""scatter"": ""None"", ""shape"": ""None""}","{""n_components"": 9}","[0.8071428571428572, 0.7999222999222999, 0.8211560044893379]",,/home/robinr/Desktop/VSCode/CIRAD_PhD_Robin/Results/plsda_classif_final/MILK/labels_kenstone70_strat/labels_kenstone70_strat__search_results.parquet,/home/robinr/Desktop/VSCode/CIRAD_PhD_Robin/Results/plsda_classif_final/MILK/labels_kenstone70_strat/labels_kenstone70_strat__best_config.json,/home/robinr/Desktop/VSCode/CIRAD_PhD_Robin/Results/plsda_classif_final/MILK/labels_kenstone70_strat/labels_kenstone70_strat__final_predictions.csv,/home/robinr/Desktop/VSCode/CIRAD_PhD_Robin/Results/plsda_classif_final/MILK/labels_kenstone70_strat/preds/predictions.parquet,,standard,parquet,standard
PISTACIA,Species_code_grpStrat70_30_bySpecimen,classification,PLS-DA,PLS-DA,/home/robinr/Desktop/VSCode/CIRAD_PhD_Robin/Results/plsda_classif_final/PISTACIA/Species_code_grpStrat70_30_bySpecimen,partial,missing_fold_test_predictions,SG_21_2_1 + Haar + MinMaxScaler,0.9723776052323235,,0.6937864488452724,,0.7477477477477478,,0.7101219004018187,0.9723776052323235,balanced_accuracy,42.0,3.0,"{""final_repr"": ""Haar"", ""scaler"": ""MinMaxScaler"", ""scatter"": ""None"", ""shape"": ""SG_21_2_1""}","{""n_components"": 30}","[0.9687291518526454, 0.9716794776816687, 0.9767241861626562]",,/home/robinr/Desktop/VSCode/CIRAD_PhD_Robin/Results/plsda_classif_final/PISTACIA/Species_code_grpStrat70_30_bySpecimen/Species_code_grpStrat70_30_bySpecimen__search_results.parquet,/home/robinr/Desktop/VSCode/CIRAD_PhD_Robin/Results/plsda_classif_final/PISTACIA/Species_code_grpStrat70_30_bySpecimen/Species_code_grpStrat70_30_bySpecimen__best_config.json,/home/robinr/Desktop/VSCode/CIRAD_PhD_Robin/Results/plsda_classif_final/PISTACIA/Species_code_grpStrat70_30_bySpecimen/Species_code_grpStrat70_30_bySpecimen__final_predictions.csv,/home/robinr/Desktop/VSCode/CIRAD_PhD_Robin/Results/plsda_classif_final/PISTACIA/Species_code_grpStrat70_30_bySpecimen/preds/predictions.parquet,,standard,parquet,standard
Wood_Sustainability,C2_511_Davrieux_Acc82,classification,PLS-DA,PLS-DA,/home/robinr/Desktop/VSCode/CIRAD_PhD_Robin/Results/plsda_classif_final/Wood_Sustainability/C2_511_Davrieux_Acc82,partial,missing_fold_test_predictions,SNV + Haar + MinMaxScaler,0.9069836785938481,,0.8859726123595506,,0.8954248366013072,,0.8909479686386315,0.9069836785938481,balanced_accuracy,42.0,3.0,"{""final_repr"": ""Haar"", ""scaler"": ""MinMaxScaler"", ""scatter"": ""SNV"", ""shape"": ""None""}","{""n_components"": 14}","[0.8888888888888888, 0.9245762711864407, 0.9074858757062148]",,/home/robinr/Desktop/VSCode/CIRAD_PhD_Robin/Results/plsda_classif_final/Wood_Sustainability/C2_511_Davrieux_Acc82/C2_511_Davrieux_Acc82__search_results.parquet,/home/robinr/Desktop/VSCode/CIRAD_PhD_Robin/Results/plsda_classif_final/Wood_Sustainability/C2_511_Davrieux_Acc82/C2_511_Davrieux_Acc82__best_config.json,/home/robinr/Desktop/VSCode/CIRAD_PhD_Robin/Results/plsda_classif_final/Wood_Sustainability/C2_511_Davrieux_Acc82/C2_511_Davrieux_Acc82__final_predictions.csv,/home/robinr/Desktop/VSCode/CIRAD_PhD_Robin/Results/plsda_classif_final/Wood_Sustainability/C2_511_Davrieux_Acc82/preds/predictions.parquet,,standard,parquet,standard
Wood_Sustainability,C5_511_Davrieux_Acc82,classification,PLS-DA,PLS-DA,/home/robinr/Desktop/VSCode/CIRAD_PhD_Robin/Results/plsda_classif_final/Wood_Sustainability/C5_511_Davrieux_Acc82,partial,missing_fold_test_predictions,ASLSBaseline + SNV + OSC + StandardScaler,0.5472004893911588,,0.4720125786163522,,0.673202614379085,,0.4238258415642008,0.5472004893911588,balanced_accuracy,42.0,3.0,"{""final_repr"": ""OSC"", ""scaler"": ""StandardScaler"", ""scatter"": ""SNV"", ""shape"": ""ASLSBaseline""}","{""n_components"": 27}","[0.5245566502463055, 0.5345238095238095, 0.5825210084033614]",,/home/robinr/Desktop/VSCode/CIRAD_PhD_Robin/Results/plsda_classif_final/Wood_Sustainability/C5_511_Davrieux_Acc82/C5_511_Davrieux_Acc82__search_results.parquet,/home/robinr/Desktop/VSCode/CIRAD_PhD_Robin/Results/plsda_classif_final/Wood_Sustainability/C5_511_Davrieux_Acc82/C5_511_Davrieux_Acc82__best_config.json,/home/robinr/Desktop/VSCode/CIRAD_PhD_Robin/Results/plsda_classif_final/Wood_Sustainability/C5_511_Davrieux_Acc82/C5_511_Davrieux_Acc82__final_predictions.csv,/home/robinr/Desktop/VSCode/CIRAD_PhD_Robin/Results/plsda_classif_final/Wood_Sustainability/C5_511_Davrieux_Acc82/preds/predictions.parquet,,standard,parquet,standard
ARABIDOPSIS_CEFE,Group_2185,classification,NICON,CNN,/home/robinr/Desktop/VSCode/CIRAD_PhD_Robin/Results/nicon_classif_final/ARABIDOPSIS_CEFE/Group_2185,ok,,SG_21_3_2 + SNV + PCA_features_0.25,0.10190227855648676,0.12746885370784686,0.15517399454805272,0.15552162849872772,0.1801526717557252,0.09877752209782358,0.10865541195399708,0.1019022785564867,,42.0,3.0,"{""phase2"": ""PCA_features_0.25"", ""scatter"": ""SNV"", ""shape"": ""SG_21_3_2""}",,"[0.09565346972323718, 0.09640887934121017, 0.11364448660501292]",,/home/robinr/Desktop/VSCode/CIRAD_PhD_Robin/Results/nicon_classif_final/ARABIDOPSIS_CEFE/Group_2185/Group_2185__search_results.csv,/home/robinr/Desktop/VSCode/CIRAD_PhD_Robin/Results/nicon_classif_final/ARABIDOPSIS_CEFE/Group_2185/Group_2185__best_config.json,/home/robinr/Desktop/VSCode/CIRAD_PhD_Robin/Results/nicon_classif_final/ARABIDOPSIS_CEFE/Group_2185/Group_2185__final_predictions.csv,,preds/test/<tag>/fold_*.parquet,standard,csv,standard
ARABIDOPSIS_CEFE,InOut_1264,classification,NICON,CNN,/home/robinr/Desktop/VSCode/CIRAD_PhD_Robin/Results/nicon_classif_final/ARABIDOPSIS_CEFE/InOut_1264,ok,,SG_11_2_1 + SNV,0.5,0.6866460357749449,0.5,0.5907487411445195,0.34564643799472294,0.5422381316346148,0.2568627450980392,0.5,,42.0,3.0,"{""phase2"": ""None"", ""scatter"": ""SNV"", ""shape"": ""SG_11_2_1""}",,"[0.5, 0.5, 0.5]",,/home/robinr/Desktop/VSCode/CIRAD_PhD_Robin/Results/nicon_classif_final/ARABIDOPSIS_CEFE/InOut_1264/InOut_1264__search_results.csv,/home/robinr/Desktop/VSCode/CIRAD_PhD_Robin/Results/nicon_classif_final/ARABIDOPSIS_CEFE/InOut_1264/InOut_1264__best_config.json,/home/robinr/Desktop/VSCode/CIRAD_PhD_Robin/Results/nicon_classif_final/ARABIDOPSIS_CEFE/InOut_1264/InOut_1264__final_predictions.csv,,preds/test/<tag>/fold_*.parquet,standard,csv,standard
COFFEE_orig,CoffeeType_kenstone70_strat,classification,NICON,CNN,/home/robinr/Desktop/VSCode/CIRAD_PhD_Robin/Results/nicon_classif_final/COFFEE_orig/CoffeeType_kenstone70_strat,ok,,ASLSBaseline + SNV,0.14285714285714285,0.15321869488536152,0.14285714285714285,0.15321869488536152,0.14285714285714285,0.05181270761593851,0.03571428571428571,0.1428571428571428,,42.0,3.0,"{""phase2"": ""None"", ""scatter"": ""SNV"", ""shape"": ""ASLSBaseline""}",,"[0.14285714285714285, 0.14285714285714285, 0.14285714285714285]",,/home/robinr/Desktop/VSCode/CIRAD_PhD_Robin/Results/nicon_classif_final/COFFEE_orig/CoffeeType_kenstone70_strat/CoffeeType_kenstone70_strat__search_results.csv,/home/robinr/Desktop/VSCode/CIRAD_PhD_Robin/Results/nicon_classif_final/COFFEE_orig/CoffeeType_kenstone70_strat/CoffeeType_kenstone70_strat__best_config.json,/home/robinr/Desktop/VSCode/CIRAD_PhD_Robin/Results/nicon_classif_final/COFFEE_orig/CoffeeType_kenstone70_strat/CoffeeType_kenstone70_strat__final_predictions.csv,,preds/test/<tag>/fold_*.parquet,standard,csv,standard
FruitPuree,Strawberry2C_983_Holland_Acc94.3,classification,NICON,CNN,/home/robinr/Desktop/VSCode/CIRAD_PhD_Robin/Results/nicon_classif_final/FruitPuree/Strawberry2C_983_Holland_Acc94.3,ok,,SG_21_3_2 + SNV + PCA_features_0.25,0.9269361394490737,0.962148915120345,0.972707705553164,0.9638607559909238,0.9747634069400631,0.9609573423575304,0.972707705553164,0.9269361394490736,,42.0,3.0,"{""phase2"": ""PCA_features_0.25"", ""scatter"": ""SNV"", ""shape"": ""SG_21_3_2""}",,"[0.8628302731751007, 0.9528658976207642, 0.9651122475513565]",,/home/robinr/Desktop/VSCode/CIRAD_PhD_Robin/Results/nicon_classif_final/FruitPuree/Strawberry2C_983_Holland_Acc94.3/Strawberry2C_983_Holland_Acc94.3__search_results.csv,/home/robinr/Desktop/VSCode/CIRAD_PhD_Robin/Results/nicon_classif_final/FruitPuree/Strawberry2C_983_Holland_Acc94.3/Strawberry2C_983_Holland_Acc94.3__best_config.json,/home/robinr/Desktop/VSCode/CIRAD_PhD_Robin/Results/nicon_classif_final/FruitPuree/Strawberry2C_983_Holland_Acc94.3/Strawberry2C_983_Holland_Acc94.3__final_predictions.csv,,preds/test/<tag>/fold_*.parquet,standard,csv,standard
FUSARIUM,FinalScoreBin_grp70_30_classStrat,classification,NICON,CNN,/home/robinr/Desktop/VSCode/CIRAD_PhD_Robin/Results/nicon_classif_final/FUSARIUM/FinalScoreBin_grp70_30_classStrat,ok,,SG_15_2_1 + SNV,0.5,0.5478749882596036,0.5,0.5742775742775743,0.6060606060606061,0.46065661093863275,0.37735849056603776,0.5,,42.0,3.0,"{""phase2"": ""None"", ""scatter"": ""SNV"", ""shape"": ""SG_15_2_1""}",,"[0.5, 0.5, 0.5]",,/home/robinr/Desktop/VSCode/CIRAD_PhD_Robin/Results/nicon_classif_final/FUSARIUM/FinalScoreBin_grp70_30_classStrat/FinalScoreBin_grp70_30_classStrat__search_results.csv,/home/robinr/Desktop/VSCode/CIRAD_PhD_Robin/Results/nicon_classif_final/FUSARIUM/FinalScoreBin_grp70_30_classStrat/FinalScoreBin_grp70_30_classStrat__best_config.json,/home/robinr/Desktop/VSCode/CIRAD_PhD_Robin/Results/nicon_classif_final/FUSARIUM/FinalScoreBin_grp70_30_classStrat/FinalScoreBin_grp70_30_classStrat__final_predictions.csv,,preds/test/<tag>/fold_*.parquet,standard,csv,standard
FUSARIUM,ScoreBin_grp70_30_classStrat,classification,NICON,CNN,/home/robinr/Desktop/VSCode/CIRAD_PhD_Robin/Results/nicon_classif_final/FUSARIUM/ScoreBin_grp70_30_classStrat,ok,,SG_15_2_1 + SNV,0.5,0.5483419893532253,0.5,0.7802479520919705,0.7914438502673797,0.518028114062941,0.4417910447761194,0.5,,42.0,3.0,"{""phase2"": ""None"", ""scatter"": ""SNV"", ""shape"": ""SG_15_2_1""}",,"[0.5, 0.5, 0.5]",,/home/robinr/Desktop/VSCode/CIRAD_PhD_Robin/Results/nicon_classif_final/FUSARIUM/ScoreBin_grp70_30_classStrat/ScoreBin_grp70_30_classStrat__search_results.csv,/home/robinr/Desktop/VSCode/CIRAD_PhD_Robin/Results/nicon_classif_final/FUSARIUM/ScoreBin_grp70_30_classStrat/ScoreBin_grp70_30_classStrat__best_config.json,/home/robinr/Desktop/VSCode/CIRAD_PhD_Robin/Results/nicon_classif_final/FUSARIUM/ScoreBin_grp70_30_classStrat/ScoreBin_grp70_30_classStrat__final_predictions.csv,,preds/test/<tag>/fold_*.parquet,standard,csv,standard
MALARIA,Oocist2C_333_Maia_Acc87.6,classification,NICON,CNN,/home/robinr/Desktop/VSCode/CIRAD_PhD_Robin/Results/nicon_classif_final/MALARIA/Oocist2C_333_Maia_Acc87.6,ok,,SG_15_3_2 + SNV,0.5,0.5200968698040916,0.5,0.5200968698040916,0.5,0.4828788875338148,0.3333333333333333,0.5,,42.0,3.0,"{""phase2"": ""None"", ""scatter"": ""SNV"", ""shape"": ""SG_15_3_2""}",,"[0.5, 0.5, 0.5]",,/home/robinr/Desktop/VSCode/CIRAD_PhD_Robin/Results/nicon_classif_final/MALARIA/Oocist2C_333_Maia_Acc87.6/Oocist2C_333_Maia_Acc87.6__search_results.csv,/home/robinr/Desktop/VSCode/CIRAD_PhD_Robin/Results/nicon_classif_final/MALARIA/Oocist2C_333_Maia_Acc87.6/Oocist2C_333_Maia_Acc87.6__best_config.json,/home/robinr/Desktop/VSCode/CIRAD_PhD_Robin/Results/nicon_classif_final/MALARIA/Oocist2C_333_Maia_Acc87.6/Oocist2C_333_Maia_Acc87.6__final_predictions.csv,,preds/test/<tag>/fold_*.parquet,standard,csv,standard
MALARIA,Sporozoite2C_229_Maia_Acc94.5,classification,NICON,CNN,/home/robinr/Desktop/VSCode/CIRAD_PhD_Robin/Results/nicon_classif_final/MALARIA/Sporozoite2C_229_Maia_Acc94.5,ok,,SG_15_3_2 + SNV + OSC,0.6949206349206349,0.5353901332162201,0.5,0.632967032967033,0.7582417582417582,0.5128858318691744,0.43125,0.6949206349206349,,42.0,3.0,"{""phase2"": ""OSC"", ""scatter"": ""SNV"", ""shape"": ""SG_15_3_2""}",,"[0.7561904761904762, 0.5, 0.8285714285714285]",,/home/robinr/Desktop/VSCode/CIRAD_PhD_Robin/Results/nicon_classif_final/MALARIA/Sporozoite2C_229_Maia_Acc94.5/Sporozoite2C_229_Maia_Acc94.5__search_results.csv,/home/robinr/Desktop/VSCode/CIRAD_PhD_Robin/Results/nicon_classif_final/MALARIA/Sporozoite2C_229_Maia_Acc94.5/Sporozoite2C_229_Maia_Acc94.5__best_config.json,/home/robinr/Desktop/VSCode/CIRAD_PhD_Robin/Results/nicon_classif_final/MALARIA/Sporozoite2C_229_Maia_Acc94.5/Sporozoite2C_229_Maia_Acc94.5__final_predictions.csv,,preds/test/<tag>/fold_*.parquet,standard,csv,standard
PISTACIA,Species_code_grpStrat70_30_bySpecimen,classification,NICON,CNN,/home/robinr/Desktop/VSCode/CIRAD_PhD_Robin/Results/nicon_classif_final/PISTACIA/Species_code_grpStrat70_30_bySpecimen,ok,,SG_15_3_2 + SNV + OSC,0.6682595917158669,0.6926388842094725,0.2,0.7569619619619619,0.2927927927927928,0.7042679545662822,0.09059233449477352,0.6682595917158669,,42.0,3.0,"{""phase2"": ""OSC"", ""scatter"": ""SNV"", ""shape"": ""SG_15_3_2""}",,"[0.9117806643737827, 0.9055985361046309, 0.18739957466918716]",,/home/robinr/Desktop/VSCode/CIRAD_PhD_Robin/Results/nicon_classif_final/PISTACIA/Species_code_grpStrat70_30_bySpecimen/Species_code_grpStrat70_30_bySpecimen__search_results.csv,/home/robinr/Desktop/VSCode/CIRAD_PhD_Robin/Results/nicon_classif_final/PISTACIA/Species_code_grpStrat70_30_bySpecimen/Species_code_grpStrat70_30_bySpecimen__best_config.json,/home/robinr/Desktop/VSCode/CIRAD_PhD_Robin/Results/nicon_classif_final/PISTACIA/Species_code_grpStrat70_30_bySpecimen/Species_code_grpStrat70_30_bySpecimen__final_predictions.csv,,preds/test/<tag>/fold_*.parquet,standard,csv,standard
Wood_Sustainability,C2_511_Davrieux_Acc82,classification,NICON,CNN,/home/robinr/Desktop/VSCode/CIRAD_PhD_Robin/Results/nicon_classif_final/Wood_Sustainability/C2_511_Davrieux_Acc82,ok,,SG_21_3_2 + SNV,0.5,0.6646669984977569,0.5,0.668558021499198,0.41830065359477125,0.6128405852270391,0.29493087557603687,0.5,,42.0,3.0,"{""phase2"": ""None"", ""scatter"": ""SNV"", ""shape"": ""SG_21_3_2""}",,"[0.5, 0.5, 0.5]",,/home/robinr/Desktop/VSCode/CIRAD_PhD_Robin/Results/nicon_classif_final/Wood_Sustainability/C2_511_Davrieux_Acc82/C2_511_Davrieux_Acc82__search_results.csv,/home/robinr/Desktop/VSCode/CIRAD_PhD_Robin/Results/nicon_classif_final/Wood_Sustainability/C2_511_Davrieux_Acc82/C2_511_Davrieux_Acc82__best_config.json,/home/robinr/Desktop/VSCode/CIRAD_PhD_Robin/Results/nicon_classif_final/Wood_Sustainability/C2_511_Davrieux_Acc82/C2_511_Davrieux_Acc82__final_predictions.csv,,preds/test/<tag>/fold_*.parquet,standard,csv,standard
Wood_Sustainability,C5_511_Davrieux_Acc82,classification,NICON,CNN,/home/robinr/Desktop/VSCode/CIRAD_PhD_Robin/Results/nicon_classif_final/Wood_Sustainability/C5_511_Davrieux_Acc82,ok,,SG_15_3_2 + SNV + OSC,0.20000000000000004,0.34124249571183535,0.2,0.5007262164124909,0.3464052287581699,0.2699841265901819,0.1029126213592233,0.2,,42.0,3.0,"{""phase2"": ""OSC"", ""scatter"": ""SNV"", ""shape"": ""SG_15_3_2""}",,"[0.2, 0.2, 0.2]",,/home/robinr/Desktop/VSCode/CIRAD_PhD_Robin/Results/nicon_classif_final/Wood_Sustainability/C5_511_Davrieux_Acc82/C5_511_Davrieux_Acc82__search_results.csv,/home/robinr/Desktop/VSCode/CIRAD_PhD_Robin/Results/nicon_classif_final/Wood_Sustainability/C5_511_Davrieux_Acc82/C5_511_Davrieux_Acc82__best_config.json,/home/robinr/Desktop/VSCode/CIRAD_PhD_Robin/Results/nicon_classif_final/Wood_Sustainability/C5_511_Davrieux_Acc82/C5_511_Davrieux_Acc82__final_predictions.csv,,preds/test/<tag>/fold_*.parquet,standard,csv,standard
ARABIDOPSIS_CEFE,Group_2185,classification,TabPFN-Raw,TabPFN-Raw,/home/robinr/Desktop/VSCode/CIRAD_PhD_Robin/Results/tabpfn_raw_classif_final/ARABIDOPSIS_CEFE/Group_2185,partial,missing_search_results;missing_fold_test_predictions,,,,0.2850113355532436,,0.28091603053435116,,0.27096700578556787,,balanced_accuracy,42.0,,,,,,,/home/robinr/Desktop/VSCode/CIRAD_PhD_Robin/Results/tabpfn_raw_classif_final/ARABIDOPSIS_CEFE/Group_2185/Group_2185__best_config.json,/home/robinr/Desktop/VSCode/CIRAD_PhD_Robin/Results/tabpfn_raw_classif_final/ARABIDOPSIS_CEFE/Group_2185/Group_2185__final_predictions.csv,,,standard,,standard
ARABIDOPSIS_CEFE,InOut_1264,classification,TabPFN-Raw,TabPFN-Raw,/home/robinr/Desktop/VSCode/CIRAD_PhD_Robin/Results/tabpfn_raw_classif_final/ARABIDOPSIS_CEFE/InOut_1264,partial,missing_search_results;missing_fold_test_predictions,,,,1.0,,1.0,,1.0,,balanced_accuracy,42.0,,,,,,,/home/robinr/Desktop/VSCode/CIRAD_PhD_Robin/Results/tabpfn_raw_classif_final/ARABIDOPSIS_CEFE/InOut_1264/InOut_1264__best_config.json,/home/robinr/Desktop/VSCode/CIRAD_PhD_Robin/Results/tabpfn_raw_classif_final/ARABIDOPSIS_CEFE/InOut_1264/InOut_1264__final_predictions.csv,,,standard,,standard
BEEF_Impurity,Beef_Impurity_60_AlJowder,classification,TabPFN-Raw,TabPFN-Raw,/home/robinr/Desktop/VSCode/CIRAD_PhD_Robin/Results/tabpfn_raw_classif_final/BEEF_Impurity/Beef_Impurity_60_AlJowder,partial,missing_search_results;missing_fold_test_predictions,,,,0.9,,0.9,,0.8997668997668997,,balanced_accuracy,42.0,,,,,,,/home/robinr/Desktop/VSCode/CIRAD_PhD_Robin/Results/tabpfn_raw_classif_final/BEEF_Impurity/Beef_Impurity_60_AlJowder/Beef_Impurity_60_AlJowder__best_config.json,/home/robinr/Desktop/VSCode/CIRAD_PhD_Robin/Results/tabpfn_raw_classif_final/BEEF_Impurity/Beef_Impurity_60_AlJowder/Beef_Impurity_60_AlJowder__final_predictions.csv,,,standard,,standard
Cassava,CT2C_1057_CIAT_Acc,classification,TabPFN-Raw,TabPFN-Raw,/home/robinr/Desktop/VSCode/CIRAD_PhD_Robin/Results/tabpfn_raw_classif_final/Cassava/CT2C_1057_CIAT_Acc,partial,missing_search_results;missing_fold_test_predictions,,,,0.5361111111111111,,0.5555555555555556,,0.5296774193548387,,balanced_accuracy,42.0,,,,,,,/home/robinr/Desktop/VSCode/CIRAD_PhD_Robin/Results/tabpfn_raw_classif_final/Cassava/CT2C_1057_CIAT_Acc/CT2C_1057_CIAT_Acc__best_config.json,/home/robinr/Desktop/VSCode/CIRAD_PhD_Robin/Results/tabpfn_raw_classif_final/Cassava/CT2C_1057_CIAT_Acc/CT2C_1057_CIAT_Acc__final_predictions.csv,,,standard,,standard
COFFEE_orig,CoffeeType_kenstone70_strat,classification,TabPFN-Raw,TabPFN-Raw,/home/robinr/Desktop/VSCode/CIRAD_PhD_Robin/Results/tabpfn_raw_classif_final/COFFEE_orig/CoffeeType_kenstone70_strat,partial,missing_search_results;missing_fold_test_predictions,,,,0.7619047619047619,,0.7619047619047619,,0.7129251700680272,,balanced_accuracy,42.0,,,,,,,/home/robinr/Desktop/VSCode/CIRAD_PhD_Robin/Results/tabpfn_raw_classif_final/COFFEE_orig/CoffeeType_kenstone70_strat/CoffeeType_kenstone70_strat__best_config.json,/home/robinr/Desktop/VSCode/CIRAD_PhD_Robin/Results/tabpfn_raw_classif_final/COFFEE_orig/CoffeeType_kenstone70_strat/CoffeeType_kenstone70_strat__final_predictions.csv,,,standard,,standard
COFFEE_sp,Species_56_Bagnall,classification,TabPFN-Raw,TabPFN-Raw,/home/robinr/Desktop/VSCode/CIRAD_PhD_Robin/Results/tabpfn_raw_classif_final/COFFEE_sp/Species_56_Bagnall,partial,missing_search_results;missing_fold_test_predictions,,,,1.0,,1.0,,1.0,,balanced_accuracy,42.0,,,,,,,/home/robinr/Desktop/VSCode/CIRAD_PhD_Robin/Results/tabpfn_raw_classif_final/COFFEE_sp/Species_56_Bagnall/Species_56_Bagnall__best_config.json,/home/robinr/Desktop/VSCode/CIRAD_PhD_Robin/Results/tabpfn_raw_classif_final/COFFEE_sp/Species_56_Bagnall/Species_56_Bagnall__final_predictions.csv,,,standard,,standard
FruitPuree,Strawberry2C_983_Holland_Acc94.3,classification,TabPFN-Raw,TabPFN-Raw,/home/robinr/Desktop/VSCode/CIRAD_PhD_Robin/Results/tabpfn_raw_classif_final/FruitPuree/Strawberry2C_983_Holland_Acc94.3,partial,missing_search_results;missing_fold_test_predictions,,,,0.986353852776582,,0.9873817034700315,,0.986353852776582,,balanced_accuracy,42.0,,,,,,,/home/robinr/Desktop/VSCode/CIRAD_PhD_Robin/Results/tabpfn_raw_classif_final/FruitPuree/Strawberry2C_983_Holland_Acc94.3/Strawberry2C_983_Holland_Acc94.3__best_config.json,/home/robinr/Desktop/VSCode/CIRAD_PhD_Robin/Results/tabpfn_raw_classif_final/FruitPuree/Strawberry2C_983_Holland_Acc94.3/Strawberry2C_983_Holland_Acc94.3__final_predictions.csv,,,standard,,standard
FUSARIUM,FinalScoreBin_grp70_30_classStrat,classification,TabPFN-Raw,TabPFN-Raw,/home/robinr/Desktop/VSCode/CIRAD_PhD_Robin/Results/tabpfn_raw_classif_final/FUSARIUM/FinalScoreBin_grp70_30_classStrat,partial,missing_search_results;missing_fold_test_predictions,,,,0.7182692307692308,,0.7373737373737373,,0.7209756097560975,,balanced_accuracy,42.0,,,,,,,/home/robinr/Desktop/VSCode/CIRAD_PhD_Robin/Results/tabpfn_raw_classif_final/FUSARIUM/FinalScoreBin_grp70_30_classStrat/FinalScoreBin_grp70_30_classStrat__best_config.json,/home/robinr/Desktop/VSCode/CIRAD_PhD_Robin/Results/tabpfn_raw_classif_final/FUSARIUM/FinalScoreBin_grp70_30_classStrat/FinalScoreBin_grp70_30_classStrat__final_predictions.csv,,,standard,,standard
FUSARIUM,ScoreBin_grp70_30_classStrat,classification,TabPFN-Raw,TabPFN-Raw,/home/robinr/Desktop/VSCode/CIRAD_PhD_Robin/Results/tabpfn_raw_classif_final/FUSARIUM/ScoreBin_grp70_30_classStrat,partial,missing_search_results;missing_fold_test_predictions,,,,0.6619022869022869,,0.8235294117647058,,0.6850405757158169,,balanced_accuracy,42.0,,,,,,,/home/robinr/Desktop/VSCode/CIRAD_PhD_Robin/Results/tabpfn_raw_classif_final/FUSARIUM/ScoreBin_grp70_30_classStrat/ScoreBin_grp70_30_classStrat__best_config.json,/home/robinr/Desktop/VSCode/CIRAD_PhD_Robin/Results/tabpfn_raw_classif_final/FUSARIUM/ScoreBin_grp70_30_classStrat/ScoreBin_grp70_30_classStrat__final_predictions.csv,,,standard,,standard
MALARIA,Oocist2C_333_Maia_Acc87.6,classification,TabPFN-Raw,TabPFN-Raw,/home/robinr/Desktop/VSCode/CIRAD_PhD_Robin/Results/tabpfn_raw_classif_final/MALARIA/Oocist2C_333_Maia_Acc87.6,partial,missing_search_results;missing_fold_test_predictions,,,,0.5094339622641509,,0.5094339622641509,,0.5087344028520498,,balanced_accuracy,42.0,,,,,,,/home/robinr/Desktop/VSCode/CIRAD_PhD_Robin/Results/tabpfn_raw_classif_final/MALARIA/Oocist2C_333_Maia_Acc87.6/Oocist2C_333_Maia_Acc87.6__best_config.json,/home/robinr/Desktop/VSCode/CIRAD_PhD_Robin/Results/tabpfn_raw_classif_final/MALARIA/Oocist2C_333_Maia_Acc87.6/Oocist2C_333_Maia_Acc87.6__final_predictions.csv,,,standard,,standard
MALARIA,Sporozoite2C_229_Maia_Acc94.5,classification,TabPFN-Raw,TabPFN-Raw,/home/robinr/Desktop/VSCode/CIRAD_PhD_Robin/Results/tabpfn_raw_classif_final/MALARIA/Sporozoite2C_229_Maia_Acc94.5,partial,missing_search_results;missing_fold_test_predictions,,,,0.594532279314888,,0.5494505494505495,,0.5265829209491182,,balanced_accuracy,42.0,,,,,,,/home/robinr/Desktop/VSCode/CIRAD_PhD_Robin/Results/tabpfn_raw_classif_final/MALARIA/Sporozoite2C_229_Maia_Acc94.5/Sporozoite2C_229_Maia_Acc94.5__best_config.json,/home/robinr/Desktop/VSCode/CIRAD_PhD_Robin/Results/tabpfn_raw_classif_final/MALARIA/Sporozoite2C_229_Maia_Acc94.5/Sporozoite2C_229_Maia_Acc94.5__final_predictions.csv,,,standard,,standard
MILK,labels_kenstone70_strat,classification,TabPFN-Raw,TabPFN-Raw,/home/robinr/Desktop/VSCode/CIRAD_PhD_Robin/Results/tabpfn_raw_classif_final/MILK/labels_kenstone70_strat,partial,missing_search_results;missing_fold_test_predictions,,,,1.0,,1.0,,1.0,,balanced_accuracy,42.0,,,,,,,/home/robinr/Desktop/VSCode/CIRAD_PhD_Robin/Results/tabpfn_raw_classif_final/MILK/labels_kenstone70_strat/labels_kenstone70_strat__best_config.json,/home/robinr/Desktop/VSCode/CIRAD_PhD_Robin/Results/tabpfn_raw_classif_final/MILK/labels_kenstone70_strat/labels_kenstone70_strat__final_predictions.csv,,,standard,,standard
PISTACIA,Species_code_grpStrat70_30_bySpecimen,classification,TabPFN-Raw,TabPFN-Raw,/home/robinr/Desktop/VSCode/CIRAD_PhD_Robin/Results/tabpfn_raw_classif_final/PISTACIA/Species_code_grpStrat70_30_bySpecimen,partial,missing_search_results;missing_fold_test_predictions,,,,0.716006150712033,,0.8067567567567567,,0.728709502873097,,balanced_accuracy,42.0,,,,,,,/home/robinr/Desktop/VSCode/CIRAD_PhD_Robin/Results/tabpfn_raw_classif_final/PISTACIA/Species_code_grpStrat70_30_bySpecimen/Species_code_grpStrat70_30_bySpecimen__best_config.json,/home/robinr/Desktop/VSCode/CIRAD_PhD_Robin/Results/tabpfn_raw_classif_final/PISTACIA/Species_code_grpStrat70_30_bySpecimen/Species_code_grpStrat70_30_bySpecimen__final_predictions.csv,,,standard,,standard
Wood_Sustainability,C2_511_Davrieux_Acc82,classification,TabPFN-Raw,TabPFN-Raw,/home/robinr/Desktop/VSCode/CIRAD_PhD_Robin/Results/tabpfn_raw_classif_final/Wood_Sustainability/C2_511_Davrieux_Acc82,partial,missing_search_results;missing_fold_test_predictions,,,,0.8544592696629214,,0.8562091503267973,,0.8528846153846155,,balanced_accuracy,42.0,,,,,,,/home/robinr/Desktop/VSCode/CIRAD_PhD_Robin/Results/tabpfn_raw_classif_final/Wood_Sustainability/C2_511_Davrieux_Acc82/C2_511_Davrieux_Acc82__best_config.json,/home/robinr/Desktop/VSCode/CIRAD_PhD_Robin/Results/tabpfn_raw_classif_final/Wood_Sustainability/C2_511_Davrieux_Acc82/C2_511_Davrieux_Acc82__final_predictions.csv,,,standard,,standard
Wood_Sustainability,C5_511_Davrieux_Acc82,classification,TabPFN-Raw,TabPFN-Raw,/home/robinr/Desktop/VSCode/CIRAD_PhD_Robin/Results/tabpfn_raw_classif_final/Wood_Sustainability/C5_511_Davrieux_Acc82,partial,missing_search_results;missing_fold_test_predictions,,,,0.5307389937106918,,0.7647058823529411,,0.491002331002331,,balanced_accuracy,42.0,,,,,,,/home/robinr/Desktop/VSCode/CIRAD_PhD_Robin/Results/tabpfn_raw_classif_final/Wood_Sustainability/C5_511_Davrieux_Acc82/C5_511_Davrieux_Acc82__best_config.json,/home/robinr/Desktop/VSCode/CIRAD_PhD_Robin/Results/tabpfn_raw_classif_final/Wood_Sustainability/C5_511_Davrieux_Acc82/C5_511_Davrieux_Acc82__final_predictions.csv,,,standard,,standard
